{"cameraMode":{"drawMode":2,"name":"Shaded Wireframe","section":"Shading Mode"},"sceneLighting":true,"audioPlay":false,"sceneViewState":{"showFog":true,"showMaterialUpdate":true,"showSkybox":true,"showFlares":true,"showImageEffects":true,"showParticleSystems":true},"in2DMode":false,"pivot":{"x":538.086669921875,"y":677.3717041015625,"z":131.62139892578126},"rotation":{"x":-0.06470959633588791,"y":0.04099953919649124,"z":-0.0026608267799019815,"w":-0.9970589280128479},"size":403.35296630859377,"orthographic":false}