{"cameraMode":{"drawMode":2,"name":"Shaded Wireframe","section":"Shading Mode"},"sceneLighting":false,"audioPlay":false,"sceneViewState":{"showFog":true,"showMaterialUpdate":true,"showSkybox":true,"showFlares":true,"showImageEffects":true,"showParticleSystems":true},"in2DMode":false,"pivot":{"x":949.876708984375,"y":88.74375915527344,"z":-3.33587646484375},"rotation":{"x":-0.039298444986343387,"y":0.011089823208749295,"z":-0.0004254301020409912,"w":-0.9992024302482605},"size":1023.7810668945313,"orthographic":false}